<?xml version = "1.0" encoding = "utf-8"?>
<!DOCTYPE hibernate-configuration SYSTEM 
"http://www.hibernate.org/dtd/hibernate-configuration-3.0.dtd">
<hibernate-configuration>
 <session-factory>
   <property name="connection.driver_class">com.mysql.jdbc.Driver</property>
   <property name="connection.url">jdbc:mysql://localhost:3306/madar</property>
   <property name="connection.username">root</property>
   <property name="connection.password">root</property>
   <property name="dialect">org.hibernate.dialect.MySQL5Dialect</property>
   <property name="hbm2ddl.auto">update</property>
   <property name="show_sql">true</property>
   <property name="format_sql">true</property>
   <property name="cache.use_second_level_cache">true</property>
   <property name="cache.region.factory_class">org.hibernate.cache.ehcache.internal.EhcacheRegionFactory</property>
   <mapping resource="com/hibernate/xml/Person.hbm.xml"/>
   <mapping class="com.bitlabs.HibernateProject.Student"/>
   <mapping class="com.bitlabs.HibernateProject.Address"/>
   <mapping class="com.map.Question"/>
   <mapping class="com.map.Answer"/>
   <mapping class="com.OneToMany.Question1"/>
   <mapping class="com.OneToMany.Answer1"/>
   <mapping class="com.ManyToMany.Emp"/>
   <mapping class="com.ManyToMany.Project"/>
   <mapping class="com.states.StudentState"/>
  </session-factory>
</hibernate-configuration>